{
    "header": {
        "title": "Cho Thuê Nhà Nguyên Căn, Giá Rẻ, Chính Chủ, Mới Nhất 2022",
        "description": "Cho thuê nhà nguyên căn - Kênh đăng tin cho thuê nhà số 1: giá rẻ, chính chủ, miễn trung gian, đầy đủ tiện nghi, mức giá, diện tích cho thuê khác nhau."
    },
    "body": [
        {
            "images": [
                "https://pt123.cdn.static123.com/images/thumbs/900x600/fit/2019/07/12/dsc-0737_1562919431.jpg",
                "https://pt123.cdn.static123.com/images/thumbs/900x600/fit/2019/07/12/dsc-0730_1562919396.jpg",
                "https://pt123.cdn.static123.com/images/thumbs/900x600/fit/2019/07/12/dsc-0721_1562919411.jpg",
                "https://pt123.cdn.static123.com/images/thumbs/900x600/fit/2019/07/12/dsc-0734_1562919454.jpg",
                "https://pt123.cdn.static123.com/images/thumbs/900x600/fit/2019/07/12/dsc-0731_1562919472.jpg",
                "https://pt123.cdn.static123.com/images/thumbs/900x600/fit/2019/07/12/dsc-0723_1562919538.jpg",
                "https://pt123.cdn.static123.com/images/thumbs/900x600/fit/2019/07/12/dsc-0737_1562919431.jpg",
                "https://pt123.cdn.static123.com/images/thumbs/900x600/fit/2019/07/12/dsc-0730_1562919396.jpg"
            ],
            "header": {
                "title": "Cho thuê nhà nguyên căn Đường Võ Thị Thừa",
                "star": "4",
                "class": {
                    "content": "Chuyên mục: Cho thuê nhà Quận 12",
                    "classType": "Cho thuê nhà Quận 12"
                },
                "address": "Địa chỉ: 77/18 Võ Thị Thừa, Phường An Phú Đông, Quận 12, Hồ Chí Minh",
                "attributes": {
                    "price": "10 triệu/tháng",
                    "acreage": "200m2",
                    "published": "Hôm nay",
                    "hashtag": "284965"
                }
            },
            "mainContent": {
                "header": "Thông tin mô tả",
                "content": [
                    "Cho thuê nhà nguyên căn 1 triệt 3 lầu diện tích 4x14, có chỗ đậu xe ô tô, có thể làm vp kinh doanh. Nhà hướng Tây ven sông Sài Gòn cực thoáng mát. Liên hệ chủ nhà để được biết thêm chi tiết và xem nhà: 0915476117(Ngân)"
                ]
            },
            "overview": {
                "header": "Đặc điểm tin đăng",
                "content": [
                    {
                        "name": "Mã tin:",
                        "content": "#284965"
                    },
                    {
                        "name": "Khu vực",
                        "content": "Cho thuê nhà Hồ Chí Minh"
                    },
                    {
                        "name": "Loại tin rao:",
                        "content": "Nhà thuê nguyên căn"
                    },
                    {
                        "name": "Đối tượng thuê:",
                        "content": "Tất cả"
                    },
                    {
                        "name": "Gói tin:",
                        "content": "Tin VIP 1"
                    },
                    {
                        "name": "Ngày đăng:",
                        "content": "Thứ 2, 11:08 08/08/2022"
                    },
                    {
                        "name": "Ngày hết hạn:",
                        "content": "Thứ 7, 11:08 13/08/2022"
                    }
                ]
            },
            "contact": {
                "header": "Thông tin liên hệ",
                "content": [
                    {
                        "name": "Liên hệ:",
                        "content": "hongngan123"
                    },
                    {
                        "name": "Điện thoại:",
                        "content": "0973241157"
                    },
                    {
                        "name": "Zalo",
                        "content": "0973241157"
                    }
                ]
            }
        },
        {
            "images": [
                "https://pt123.cdn.static123.com/images/thumbs/900x600/fit/2022/07/19/img-20220523-093654_1658235069.jpg",
                "https://pt123.cdn.static123.com/images/thumbs/900x600/fit/2022/07/19/img-20220521-112955_1658235007.jpg",
                "https://pt123.cdn.static123.com/images/thumbs/900x600/fit/2022/07/19/img-20220521-113045_1658235037.jpg",
                "https://pt123.cdn.static123.com/images/thumbs/900x600/fit/2022/07/19/img-10220521-112955_1658235062.jpg",
                "https://pt123.cdn.static123.com/images/thumbs/900x600/fit/2022/07/19/img-20220521-112927_1658235062.jpg",
                "https://pt123.cdn.static123.com/images/thumbs/900x600/fit/2022/07/19/img-20220521-112932_1658235063.jpg",
                "https://pt123.cdn.static123.com/images/thumbs/900x600/fit/2022/07/19/img-20220521-112947_1658235063.jpg",
                "https://pt123.cdn.static123.com/images/thumbs/900x600/fit/2022/07/19/img-20220523-093301_1658235064.jpg",
                "https://pt123.cdn.static123.com/images/thumbs/900x600/fit/2022/07/19/img-20220523-093335_1658235064.jpg",
                "https://pt123.cdn.static123.com/images/thumbs/900x600/fit/2022/07/19/img-20220523-093352_1658235064.jpg",
                "https://pt123.cdn.static123.com/images/thumbs/900x600/fit/2022/07/19/img-20220523-093400_1658235064.jpg",
                "https://pt123.cdn.static123.com/images/thumbs/900x600/fit/2022/07/19/img-20220523-093418_1658235065.jpg",
                "https://pt123.cdn.static123.com/images/thumbs/900x600/fit/2022/07/19/img-20220523-093436_1658235065.jpg",
                "https://pt123.cdn.static123.com/images/thumbs/900x600/fit/2022/07/19/img-20220523-093457_1658235066.jpg",
                "https://pt123.cdn.static123.com/images/thumbs/900x600/fit/2022/07/19/img-20220523-093507_1658235066.jpg",
                "https://pt123.cdn.static123.com/images/thumbs/900x600/fit/2022/07/19/img-20220523-093528_1658235067.jpg",
                "https://pt123.cdn.static123.com/images/thumbs/900x600/fit/2022/07/19/img-20220523-093558_1658235068.jpg",
                "https://pt123.cdn.static123.com/images/thumbs/900x600/fit/2022/07/19/img-20220523-093641_1658235068.jpg",
                "https://pt123.cdn.static123.com/images/thumbs/900x600/fit/2022/07/19/img-20220523-093648_1658235069.jpg",
                "https://pt123.cdn.static123.com/images/thumbs/900x600/fit/2022/07/19/img-20220523-093654_1658235069.jpg",
                "https://pt123.cdn.static123.com/images/thumbs/900x600/fit/2022/07/19/img-20220521-112955_1658235007.jpg"
            ],
            "header": {
                "title": "Cho thuê nhà đường rộng xe hơi vào tận nhà tại 1/35 Đường Chiến Lược, Phường Bình Trị Đông, Bình Tân",
                "star": "2",
                "class": {
                    "content": "Chuyên mục: Cho thuê nhà Quận Bình Tân",
                    "classType": "Cho thuê nhà Quận Bình Tân"
                },
                "address": "Địa chỉ: 1/35 Đường Chiến Lược, Phường Bình Trị Đông, Quận Bình Tân, Hồ Chí Minh",
                "attributes": {
                    "price": "10 triệu/tháng",
                    "acreage": "48m2",
                    "published": "2 giờ trước",
                    "hashtag": "604539"
                }
            },
            "mainContent": {
                "header": "Thông tin mô tả",
                "content": [
                    "Cho thuê nhà Hẻm xe hơi",
                    "diên tích : 4mx12m ba tầng",
                    "1 trệt 2 lầu 1 sân thượng",
                    "bao gồm 1 phòng khách , 1 phòng bếp , 4 phòng ngủ ,4 tolet, 1 phòng thờ , 1 sân thượng , nước nóng năng lượng mặt trời ,",
                    "Hẻm cụt 6m ,2 xe hơi tránh nhau",
                    ", nhà 1 mặt ( dối diện ao sen ) đậu xe hơi thoải mái ,",
                    "Khu vực an ninh yên tỉnh",
                    "Thích hợp cho gia đình lớn hoặc 2 gia đình nhỏ , buôn bán online …",
                    "Giá thuê 10tr/tháng đặt cọc 2 tháng .",
                    "miễn tiếp báo đài , môi giới ."
                ]
            },
            "overview": {
                "header": "Đặc điểm tin đăng",
                "content": [
                    {
                        "name": "Mã tin:",
                        "content": "#604539"
                    },
                    {
                        "name": "Khu vực",
                        "content": "Cho thuê nhà Hồ Chí Minh"
                    },
                    {
                        "name": "Loại tin rao:",
                        "content": "Nhà thuê nguyên căn"
                    },
                    {
                        "name": "Đối tượng thuê:",
                        "content": "Tất cả"
                    },
                    {
                        "name": "Gói tin:",
                        "content": "Tin VIP 3"
                    },
                    {
                        "name": "Ngày đăng:",
                        "content": "Thứ 4, 14:16 10/08/2022"
                    },
                    {
                        "name": "Ngày hết hạn:",
                        "content": "Thứ 3, 09:15 16/08/2022"
                    }
                ]
            },
            "contact": {
                "header": "Thông tin liên hệ",
                "content": [
                    {
                        "name": "Liên hệ:",
                        "content": "diep quoc hung"
                    },
                    {
                        "name": "Điện thoại:",
                        "content": "0908381668"
                    },
                    {
                        "name": "Zalo",
                        "content": "0908381668"
                    }
                ]
            }
        },
        {
            "images": [
                "https://pt123.cdn.static123.com/images/thumbs/900x600/fit/2022/02/07/z3162909444862-a280f42872003eb4660d6a93b303d0a1_1644224210.jpg",
                "https://pt123.cdn.static123.com/images/thumbs/900x600/fit/2022/02/07/z3162909437215-13a3f12b9f8394a71526ed5325f15c41_1644224209.jpg",
                "https://pt123.cdn.static123.com/images/thumbs/900x600/fit/2022/02/07/z3162909437290-ed28d4d4b304d9f647118378a213d1cb_1644224209.jpg",
                "https://pt123.cdn.static123.com/images/thumbs/900x600/fit/2022/02/07/z3162909438220-18a7449d53e93445556bd8ba823f10c9_1644224210.jpg",
                "https://pt123.cdn.static123.com/images/thumbs/900x600/fit/2022/02/07/z3162909440591-553ccbf4431e3d9914de388181711436_1644224210.jpg",
                "https://pt123.cdn.static123.com/images/thumbs/900x600/fit/2022/02/07/z3162909444683-63d2a518722a8b76802e0dc9480b01e8_1644224210.jpg",
                "https://pt123.cdn.static123.com/images/thumbs/900x600/fit/2022/02/07/z3162909444862-a280f42872003eb4660d6a93b303d0a1_1644224210.jpg",
                "https://pt123.cdn.static123.com/images/thumbs/900x600/fit/2022/02/07/z3162909437215-13a3f12b9f8394a71526ed5325f15c41_1644224209.jpg"
            ],
            "header": {
                "title": "Cho thuê nhà nguyên căn 689/21 Trần Xuân Soạn, Quận 7 giá 5tr/tháng",
                "star": "2",
                "class": {
                    "content": "Chuyên mục: Cho thuê nhà Quận 7",
                    "classType": "Cho thuê nhà Quận 7"
                },
                "address": "Địa chỉ: 689/21 Phố Trần Xuân Soạn, Phường Tân Hưng, Quận 7, Hồ Chí Minh",
                "attributes": {
                    "price": "5 triệu/tháng",
                    "acreage": "48m2",
                    "published": "Hôm nay",
                    "hashtag": "595850"
                }
            },
            "mainContent": {
                "header": "Thông tin mô tả",
                "content": [
                    "Cho thuê nhà nguyên căn Trần Xuân Soạn, Quận 7.",
                    "- Giá 5tr/tháng.",
                    "- Địa chỉ: 689/21 Trần xuân Soạn p. Tân hưng q7.",
                    "- Diện tích 4x12, 1 trệt, 1 lầu, nhà nguyên, mới, gần siêu thị, bvien, trường học, gần q1, sát q4, q8..."
                ]
            },
            "overview": {
                "header": "Đặc điểm tin đăng",
                "content": [
                    {
                        "name": "Mã tin:",
                        "content": "#595850"
                    },
                    {
                        "name": "Khu vực",
                        "content": "Cho thuê nhà Hồ Chí Minh"
                    },
                    {
                        "name": "Loại tin rao:",
                        "content": "Nhà thuê nguyên căn"
                    },
                    {
                        "name": "Đối tượng thuê:",
                        "content": "Tất cả"
                    },
                    {
                        "name": "Gói tin:",
                        "content": "Tin VIP 3"
                    },
                    {
                        "name": "Ngày đăng:",
                        "content": "Thứ 3, 19:03 09/08/2022"
                    },
                    {
                        "name": "Ngày hết hạn:",
                        "content": "Thứ 3, 19:03 16/08/2022"
                    }
                ]
            },
            "contact": {
                "header": "Thông tin liên hệ",
                "content": [
                    {
                        "name": "Liên hệ:",
                        "content": "Khánh"
                    },
                    {
                        "name": "Điện thoại:",
                        "content": "0949605388"
                    },
                    {
                        "name": "Zalo",
                        "content": "0949605388"
                    }
                ]
            }
        },
        {
            "images": [
                "https://pt123.cdn.static123.com/images/thumbs/900x600/fit/2022/07/28/fc1d94be-e75f-4a37-a3a6-03e50ad94fcb_1658975901.jpg",
                "https://pt123.cdn.static123.com/images/thumbs/900x600/fit/2022/07/28/6233f697-d078-4c51-96b2-a3e0ce5a0b6c_1658975896.jpg",
                "https://pt123.cdn.static123.com/images/thumbs/900x600/fit/2022/07/28/d35feb63-4e70-405f-b481-0a33798d86fc_1658975896.jpg",
                "https://pt123.cdn.static123.com/images/thumbs/900x600/fit/2022/07/28/c246ba04-5432-4829-a885-7d33768dbc4a_1658975898.jpg",
                "https://pt123.cdn.static123.com/images/thumbs/900x600/fit/2022/07/28/5250cb7e-2322-47bf-b812-2ecf5c947214_1658975900.jpg",
                "https://pt123.cdn.static123.com/images/thumbs/900x600/fit/2022/07/28/e409d800-3082-4cd6-bd64-f318116ce95f_1658975899.jpg",
                "https://pt123.cdn.static123.com/images/thumbs/900x600/fit/2022/07/28/5c8fd23b-618e-4dc2-9d3d-89848f096465_1658975901.jpg",
                "https://pt123.cdn.static123.com/images/thumbs/900x600/fit/2022/07/28/d112c386-13d0-4a00-a614-c482131c707d_1658975902.jpg",
                "https://pt123.cdn.static123.com/images/thumbs/900x600/fit/2022/07/28/3a745a7a-009a-4bbb-8b2c-f96e665937a2_1658975898.jpg",
                "https://pt123.cdn.static123.com/images/thumbs/900x600/fit/2022/07/28/fc1d94be-e75f-4a37-a3a6-03e50ad94fcb_1658975901.jpg",
                "https://pt123.cdn.static123.com/images/thumbs/900x600/fit/2022/07/28/6233f697-d078-4c51-96b2-a3e0ce5a0b6c_1658975896.jpg"
            ],
            "header": {
                "title": "Chính chủ cần bán hoặc cho thuê nhà tại Thuận An, Bình Dương",
                "star": "2",
                "class": {
                    "content": "Chuyên mục: Cho thuê nhà Huyện Thuận An",
                    "classType": "Cho thuê nhà Huyện Thuận An"
                },
                "address": "Địa chỉ: Phường An Phú, Huyện Thuận An, Bình Dương",
                "attributes": {
                    "price": "20 triệu/tháng",
                    "acreage": "363m2",
                    "published": "Hôm nay",
                    "hashtag": "604998"
                }
            },
            "mainContent": {
                "header": "Thông tin mô tả",
                "content": [
                    "Do có việc chuyển công tác lên SG nên gia đình tôi cần bán hoặc cho thuê nhà diện tích 363m2, phường An Phú, Thuận An. Bình Dương. Hiện tại ngoài căn nhà đang ở thì còn có thêm 20 phòng trọ sát bên cho thuê.",
                    "Giá bán là: 10 tỷ",
                    "Giá cho thuê: 20 triệu/tháng",
                    "LH: 0947776788"
                ]
            },
            "overview": {
                "header": "Đặc điểm tin đăng",
                "content": [
                    {
                        "name": "Mã tin:",
                        "content": "#604998"
                    },
                    {
                        "name": "Khu vực",
                        "content": "Cho thuê nhà Bình Dương"
                    },
                    {
                        "name": "Loại tin rao:",
                        "content": "Nhà thuê nguyên căn"
                    },
                    {
                        "name": "Đối tượng thuê:",
                        "content": "Tất cả"
                    },
                    {
                        "name": "Gói tin:",
                        "content": "Tin VIP 3"
                    },
                    {
                        "name": "Ngày đăng:",
                        "content": "Thứ 5, 09:41 28/07/2022"
                    },
                    {
                        "name": "Ngày hết hạn:",
                        "content": "Thứ 6, 09:41 12/08/2022"
                    }
                ]
            },
            "contact": {
                "header": "Thông tin liên hệ",
                "content": [
                    {
                        "name": "Liên hệ:",
                        "content": "Phạm Tuấn Anh"
                    },
                    {
                        "name": "Điện thoại:",
                        "content": "0947776788"
                    },
                    {
                        "name": "Zalo",
                        "content": "0947776788"
                    }
                ]
            }
        },
        {
            "images": [
                "https://pt123.cdn.static123.com/images/thumbs/900x600/fit/2022/06/16/top-10-van-phong-dep-nhat-viet-nam_1655343998.jpg",
                "https://pt123.cdn.static123.com/images/thumbs/900x600/fit/2022/06/16/50268082-378400752736547-3757042536464515072-n_1655343971.jpg",
                "https://pt123.cdn.static123.com/images/thumbs/900x600/fit/2022/06/16/50418419-924720557733929-3708392149117566976-n_1655343971.jpg",
                "https://pt123.cdn.static123.com/images/thumbs/900x600/fit/2022/06/16/img-7648-7323_1655343972.jpg",
                "https://pt123.cdn.static123.com/images/thumbs/900x600/fit/2022/06/16/top-10-van-phong-dep-nhat-viet-nam_1655343998.jpg",
                "https://pt123.cdn.static123.com/images/thumbs/900x600/fit/2022/06/16/50268082-378400752736547-3757042536464515072-n_1655343971.jpg"
            ],
            "header": {
                "title": "Cho thuê nhà Nguyên căn – Văn phòng Căn Góc đường Xe Hơi Trương Công Định, P.14, Q.Tân Bình, DT: 8x14m",
                "class": {
                    "content": "Chuyên mục: Cho thuê nhà Quận Tân Bình",
                    "classType": "Cho thuê nhà Quận Tân Bình"
                },
                "address": "Địa chỉ: 62/1A Đường Trương Công Định, Phường 14, Quận Tân Bình, Hồ Chí Minh",
                "attributes": {
                    "price": "17 triệu/tháng",
                    "acreage": "112m2",
                    "published": "1 giờ trước",
                    "hashtag": "283266"
                }
            },
            "mainContent": {
                "header": "Thông tin mô tả",
                "content": [
                    "Nhà Nguyên căn – Văn phòng Căn Góc 62/1A Trương Công Định, P.14, Q.TB",
                    "Tôi chính chủ cần cho thuê nhà nguyên căn tầng trệt thiết kế hiện đại ngay góc ngã ba đường xe Hơi Khu Phân Lô Bàu Cát, Phường 14, Quận Tân Bình.",
                    "•+ Địa chỉ: 62/1A-B Trương Công Định, Phường 14, Quận Tân Bình, TP.HCM.",
                    "•+ Diện tích: Ngang 8m x Dài 14m (112 m2)",
                    "️ Vị trí thuận tiện : Ngay khu Bàu Cát, gần ngã ba Trường Chinh – Trương Công Định, Quận Tân Bình, Sát ETOWN cộng hòa, Bệnh Viện Mỹ Đức, chợ Võ Thành Trang (Bà Quẹo), gần nhiều tòa cao ốc văn phòng, công ty và nhiều trường đại học ….",
                    "️ Tiện ích :",
                    "+ Mặt tiền tầng trệt bề ngang lớn 8m đã được thiết kế riêng biệt gồm 02 Phòng lớn với vách ngăn, trần, kính cường lực hiện đại đẹp và sang trọng, có sân để xe có mái che, có WC riêng.",
                    "️ Thích hợp để ở, để kinh doanh online, mở văn phòng đại diện công ty, Văn Phòng làm việc hay kinh doanh nhiều ngành nghề …",
                    "Giá rất hợp lý: 17 Triệu/tháng (Giảm sâu và cam kết không tăng giá)",
                    "️️Liên hệ : 0937.554.570 A. Hoàng",
                    "Từ Khoá: cho thuê nguyên căn quận Tân Bình, cho thuê tầng trệt khu Bàu Cát quận Tân Bình, Nhà cho thuê làm văn phòng quận Tân Bình, Văn phòng cho thuê hcm, văn phòng cho thuê quận Tân Bình, cho thuê văn phòng khu bàu cát. Cho thuê mặt bằng hcm, mặt bằng cho thuê hcm, cho thuê mặt bằng quận Tân Bình, Cho thuê mặt bằng Trương Công Định, mặt bằng cho thuê tân bình, mặt bằng cho thuê quận tân bình, cho thue mat bang hcm, mat bang cho thue hcm, mat bang cho thue tan binh …"
                ]
            },
            "overview": {
                "header": "Đặc điểm tin đăng",
                "content": [
                    {
                        "name": "Mã tin:",
                        "content": "#283266"
                    },
                    {
                        "name": "Khu vực",
                        "content": "Cho thuê nhà Hồ Chí Minh"
                    },
                    {
                        "name": "Loại tin rao:",
                        "content": "Nhà thuê nguyên căn"
                    },
                    {
                        "name": "Đối tượng thuê:",
                        "content": "Tất cả"
                    },
                    {
                        "name": "Gói tin:",
                        "content": "Tin thường"
                    },
                    {
                        "name": "Ngày đăng:",
                        "content": "Thứ 4, 15:44 10/08/2022"
                    },
                    {
                        "name": "Ngày hết hạn:",
                        "content": "Thứ 3, 19:38 23/08/2022"
                    }
                ]
            },
            "contact": {
                "header": "Thông tin liên hệ",
                "content": [
                    {
                        "name": "Liên hệ:",
                        "content": "hoangle2706"
                    },
                    {
                        "name": "Điện thoại:",
                        "content": "0937554570"
                    },
                    {
                        "name": "Zalo",
                        "content": "0937554570"
                    }
                ]
            }
        },
        {
            "images": [
                "https://pt123.cdn.static123.com/images/thumbs/900x600/fit/2022/06/16/z3495868920810-b11bac17678e238677d10499e8cddfce_1655343647.jpg",
                "https://pt123.cdn.static123.com/images/thumbs/900x600/fit/2022/06/16/z3495868909867-1c64f8eae0881e4a14bba14ad245d46a_1655343646.jpg",
                "https://pt123.cdn.static123.com/images/thumbs/900x600/fit/2022/06/16/z3495868911137-69ff28e11f9be30361e7e35e63315ea8_1655343646.jpg",
                "https://pt123.cdn.static123.com/images/thumbs/900x600/fit/2022/06/16/z3495868924913-9d9220d67fe43d958874586253f7262f_1655343647.jpg",
                "https://pt123.cdn.static123.com/images/thumbs/900x600/fit/2022/06/16/z3495868920810-b11bac17678e238677d10499e8cddfce_1655343647.jpg",
                "https://pt123.cdn.static123.com/images/thumbs/900x600/fit/2022/06/16/z3495868909867-1c64f8eae0881e4a14bba14ad245d46a_1655343646.jpg"
            ],
            "header": {
                "title": "Nhà nguyên căn 1 trệt HXH 8M 269/45 Phan Huy Ích, P.14, Q.Gò Vấp, DT: 4X14M, 2PN - Tiện ở, Làm VP hoặc KD Online",
                "class": {
                    "content": "Chuyên mục: Cho thuê nhà Quận Gò Vấp",
                    "classType": "Cho thuê nhà Quận Gò Vấp"
                },
                "address": "Địa chỉ: 269/45 Phan Huy Ích, Phường 14, Quận Gò Vấp, Hồ Chí Minh",
                "attributes": {
                    "price": "7.5 triệu/tháng",
                    "acreage": "70m2",
                    "published": "1 giờ trước",
                    "hashtag": "602514"
                }
            },
            "mainContent": {
                "header": "Thông tin mô tả",
                "content": [
                    "Cho thuê nhà nguyên căn thiết kế đẹp hoàn hảo hẻm 1 trục xe tải 8m 269/45 Phan Huy Ích, Phường 14, Quận Gò Vấp, TP. HCM. (Hẻm 1 trục 2 xe hơi tránh nhau cách Phan Huy Ích 50m)",
                    "- DT: 4 x 14m, gồm: 1 trệt.",
                    "+ 2 Phòng ngủ rộng thiết kế rất đẹp mới hoàn toàn, WC riêng",
                    "+ Phòng khách hoặc mặt bằng để mở văn phòng kinh doanh rất rộng rãi.",
                    "+ Nhà thiết kế sang trọng, hiện đại, cửa, cầu thang gỗ sang trọng.",
                    "+ Khu dân cư an ninh, đông đúc, hẻm rộng 8m ô tô ra vào thoải mái.",
                    "+ Rất tiện lợi cho gia đình ở, mở văn phòng công ty hay kinh doanh online ...",
                    "Giá chỉ: 7.5 triệu/tháng (hình ảnh thật).",
                    "LH: 0937554570 A. Hoàng.",
                    "Tìm kiếm theo từ khóa: Cho thuê nhà phường 14 quận Gò Vấp , Cho thuê nhà đường Phan Huy Ích , Cho thuê nhà đường Phan Huy Ích quận Gò Vấp , Cho thuê nhà phường 14 , Cho thuê nhà đường Phan Huy Ích phường 14, Cho thuê nhà quận Gò Vấp, Nhà cho thuê Quận Gò Vấp, cho thue nha quan go vap."
                ]
            },
            "overview": {
                "header": "Đặc điểm tin đăng",
                "content": [
                    {
                        "name": "Mã tin:",
                        "content": "#602514"
                    },
                    {
                        "name": "Khu vực",
                        "content": "Cho thuê nhà Hồ Chí Minh"
                    },
                    {
                        "name": "Loại tin rao:",
                        "content": "Nhà thuê nguyên căn"
                    },
                    {
                        "name": "Đối tượng thuê:",
                        "content": "Tất cả"
                    },
                    {
                        "name": "Gói tin:",
                        "content": "Tin thường"
                    },
                    {
                        "name": "Ngày đăng:",
                        "content": "Thứ 4, 15:44 10/08/2022"
                    },
                    {
                        "name": "Ngày hết hạn:",
                        "content": "Thứ 3, 09:18 30/08/2022"
                    }
                ]
            },
            "contact": {
                "header": "Thông tin liên hệ",
                "content": [
                    {
                        "name": "Liên hệ:",
                        "content": "hoangle2706"
                    },
                    {
                        "name": "Điện thoại:",
                        "content": "0937554570"
                    },
                    {
                        "name": "Zalo",
                        "content": "0937554570"
                    }
                ]
            }
        },
        {
            "images": [],
            "header": {
                "title": "Cho thuê nhà số 24 ngõ 182 Bạch Đằng, Chương Dương, Hoàn Kiếm",
                "class": {
                    "content": "Chuyên mục: Cho thuê nhà Quận Hoàn Kiếm",
                    "classType": "Cho thuê nhà Quận Hoàn Kiếm"
                },
                "address": "Địa chỉ: 24 ngõ 182 Bạch Đằng, Phường Chương Dương Độ, Quận Hoàn Kiếm, Hà Nội",
                "attributes": {
                    "price": "7 triệu/tháng",
                    "acreage": "31m2",
                    "published": "1 giờ trước",
                    "hashtag": "605692"
                }
            },
            "mainContent": {
                "header": "Thông tin mô tả",
                "content": [
                    "Cho thuê nhà 3,5 tầng, phù hợp với hộ gia đình: 3 phòng ngủ, 2 wc.",
                    "Đầy đủ các tiện ích xung quanh nhà: chợ, siêu thị, trường học, ngân hàng. Ngõ thông 2 đường Bạch Đằng - Hồng Hà. Cách hồ Hoàn Kiếm 1km."
                ]
            },
            "overview": {
                "header": "Đặc điểm tin đăng",
                "content": [
                    {
                        "name": "Mã tin:",
                        "content": "#605692"
                    },
                    {
                        "name": "Khu vực",
                        "content": "Cho thuê nhà Hà Nội"
                    },
                    {
                        "name": "Loại tin rao:",
                        "content": "Nhà thuê nguyên căn"
                    },
                    {
                        "name": "Đối tượng thuê:",
                        "content": "Tất cả"
                    },
                    {
                        "name": "Gói tin:",
                        "content": "Tin miễn phí"
                    },
                    {
                        "name": "Ngày đăng:",
                        "content": "Thứ 4, 15:35 10/08/2022"
                    },
                    {
                        "name": "Ngày hết hạn:",
                        "content": "Thứ 2, 15:35 15/08/2022"
                    }
                ]
            },
            "contact": {
                "header": "Thông tin liên hệ",
                "content": [
                    {
                        "name": "Liên hệ:",
                        "content": "Nguyen anh Tuan"
                    },
                    {
                        "name": "Điện thoại:",
                        "content": "0369259945"
                    },
                    {
                        "name": "Zalo",
                        "content": "0369259945"
                    }
                ]
            }
        },
        {
            "images": [
                "https://pt123.cdn.static123.com/images/thumbs/900x600/fit/2022/08/10/z3632264611765-d7646d35097fa2c27caa85f81ceb6e2e_1660104159.jpg",
                "https://pt123.cdn.static123.com/images/thumbs/900x600/fit/2022/08/10/z3632264595393-5e805217e506af2794891295be99f7e1_1660104153.jpg",
                "https://pt123.cdn.static123.com/images/thumbs/900x600/fit/2022/08/10/z3632264590861-d89872e3fe68ff125842a31fb14b761f_1660104153.jpg",
                "https://pt123.cdn.static123.com/images/thumbs/900x600/fit/2022/08/10/z3632264600612-70b5508e10330a813f0ea982052e50bd_1660104156.jpg",
                "https://pt123.cdn.static123.com/images/thumbs/900x600/fit/2022/08/10/z3632264608748-6d2aa92f11868ae9be32f43c16c3614c_1660104156.jpg",
                "https://pt123.cdn.static123.com/images/thumbs/900x600/fit/2022/08/10/z3632264611765-d7646d35097fa2c27caa85f81ceb6e2e_1660104159.jpg",
                "https://pt123.cdn.static123.com/images/thumbs/900x600/fit/2022/08/10/z3632264595393-5e805217e506af2794891295be99f7e1_1660104153.jpg"
            ],
            "header": {
                "title": "Cho Thuê Nhà Cấp 3 và sân 90m2 đối diện sân Sân Vận Động Quốc Gia Mỹ Đình",
                "class": {
                    "content": "Chuyên mục: Cho thuê nhà Quận Nam Từ Liêm",
                    "classType": "Cho thuê nhà Quận Nam Từ Liêm"
                },
                "address": "Địa chỉ: Phường Mỹ Đình 1, Quận Nam Từ Liêm, Hà Nội",
                "attributes": {
                    "price": "5 triệu/tháng",
                    "acreage": "90m2",
                    "published": "5 giờ trước",
                    "hashtag": "605675"
                }
            },
            "mainContent": {
                "header": "Thông tin mô tả",
                "content": [
                    "Nhà cho thuê giá rẻ ở Ngõ 16 Đỗ Xuân Hợp",
                    "Tiện tích: Điện nước, bếp và nhà vệ sinh",
                    "Xung quanh rất nhiều hàng quán ăn uống, cửa hàng tiện lợi và dịch vụ",
                    "Ngõ to ô tô vào được",
                    "Bao gồm nội thất: Giường Tủ",
                    "Diện tích bao gồm:",
                    "Nhà 45m2, dài: 10m2 rộng 4.5m2",
                    "Gác xép: 20m2 4.5m2, 4.5m2",
                    "Sân 45m2, dài: 10m2 rộng 4.5m2",
                    "Giá 5tr/ tháng"
                ]
            },
            "overview": {
                "header": "Đặc điểm tin đăng",
                "content": [
                    {
                        "name": "Mã tin:",
                        "content": "#605675"
                    },
                    {
                        "name": "Khu vực",
                        "content": "Cho thuê nhà Hà Nội"
                    },
                    {
                        "name": "Loại tin rao:",
                        "content": "Nhà thuê nguyên căn"
                    },
                    {
                        "name": "Đối tượng thuê:",
                        "content": "Tất cả"
                    },
                    {
                        "name": "Gói tin:",
                        "content": "Tin miễn phí"
                    },
                    {
                        "name": "Ngày đăng:",
                        "content": "Thứ 4, 11:03 10/08/2022"
                    },
                    {
                        "name": "Ngày hết hạn:",
                        "content": "Thứ 2, 11:03 15/08/2022"
                    }
                ]
            },
            "contact": {
                "header": "Thông tin liên hệ",
                "content": [
                    {
                        "name": "Liên hệ:",
                        "content": "Nguyễn Xuân Công"
                    },
                    {
                        "name": "Điện thoại:",
                        "content": "0936481998"
                    },
                    {
                        "name": "Zalo",
                        "content": "0936481998"
                    }
                ]
            }
        },
        {
            "images": [
                "https://pt123.cdn.static123.com/images/thumbs/900x600/fit/2022/08/09/10_1660064247.jpg",
                "https://pt123.cdn.static123.com/images/thumbs/900x600/fit/2022/08/09/01_1660064244.jpg",
                "https://pt123.cdn.static123.com/images/thumbs/900x600/fit/2022/08/09/02_1660064244.jpg",
                "https://pt123.cdn.static123.com/images/thumbs/900x600/fit/2022/08/09/03_1660064244.jpg",
                "https://pt123.cdn.static123.com/images/thumbs/900x600/fit/2022/08/09/04_1660064245.jpg",
                "https://pt123.cdn.static123.com/images/thumbs/900x600/fit/2022/08/09/05_1660064245.jpg",
                "https://pt123.cdn.static123.com/images/thumbs/900x600/fit/2022/08/09/06_1660064246.jpg",
                "https://pt123.cdn.static123.com/images/thumbs/900x600/fit/2022/08/09/07_1660064246.jpg",
                "https://pt123.cdn.static123.com/images/thumbs/900x600/fit/2022/08/09/08_1660064246.jpg",
                "https://pt123.cdn.static123.com/images/thumbs/900x600/fit/2022/08/09/09_1660064247.jpg",
                "https://pt123.cdn.static123.com/images/thumbs/900x600/fit/2022/08/09/10_1660064247.jpg",
                "https://pt123.cdn.static123.com/images/thumbs/900x600/fit/2022/08/09/01_1660064244.jpg"
            ],
            "header": {
                "title": "Nhà cấp 4 nguyên căn, 47/7 đường Số 2, Quận 2 - Ngay cầu SG",
                "class": {
                    "content": "Chuyên mục: Cho thuê nhà Quận 2",
                    "classType": "Cho thuê nhà Quận 2"
                },
                "address": "Địa chỉ: 2, Phường Bình An, Quận 2, Hồ Chí Minh",
                "attributes": {
                    "price": "8 triệu/tháng",
                    "acreage": "80m2",
                    "published": "16 giờ trước",
                    "hashtag": "605654"
                }
            },
            "mainContent": {
                "header": "Thông tin mô tả",
                "content": [
                    "- Nhà cấp 4 nguyên căn (80m2) + gác lửng (20m2).",
                    "- Đường container vào được cách nhà 10m, hẻm xe 6 chỗ vào được.",
                    "- Khu dân cư trí thức, rất ít nhà cho thuê.",
                    "- Cả Quận 2 (Tp Thủ Đức) không tìm được căn nào tốt hơn, không tin cứ đến check.",
                    "- Ở là thích, phù hợp gia đình hoặc nhóm từ 4 - 6 người.",
                    "- Quyết định nhanh thì còn, chậm thì vào ô mất lượt.",
                    "- Có chỗ tập thể dục, trẻ con vui chơi siêu thích.",
                    "- Trong vòng bán kính 200m có Siêu thị Co. Oop, Big C, Metro + 1 chợ truyền thống.",
                    "- 02 Trường mầm non cách nhà 10 m, tiểu học, trung học cơ sở, phổ thông cách nhà 200m.",
                    "- Công viên gần nhà có 05 công viên (bán kính 200m) + công viên Vinhome (qua cầu Sài gòn) - người lớn, trẻ con có full chỗ vui chơi.",
                    "- Có thể dọn vào ở ngay, hợp đồng từ 12 tháng trở lên.",
                    "- Gọi trực tiếp để xem nhà, không tiếp trung gian.",
                    "- Liên hệ: 093 848 5116 (Cô Luật)."
                ]
            },
            "overview": {
                "header": "Đặc điểm tin đăng",
                "content": [
                    {
                        "name": "Mã tin:",
                        "content": "#605654"
                    },
                    {
                        "name": "Khu vực",
                        "content": "Cho thuê nhà Hồ Chí Minh"
                    },
                    {
                        "name": "Loại tin rao:",
                        "content": "Nhà thuê nguyên căn"
                    },
                    {
                        "name": "Đối tượng thuê:",
                        "content": "Tất cả"
                    },
                    {
                        "name": "Gói tin:",
                        "content": "Tin thường"
                    },
                    {
                        "name": "Ngày đăng:",
                        "content": "Thứ 4, 00:00 10/08/2022"
                    },
                    {
                        "name": "Ngày hết hạn:",
                        "content": "Thứ 7, 00:00 20/08/2022"
                    }
                ]
            },
            "contact": {
                "header": "Thông tin liên hệ",
                "content": [
                    {
                        "name": "Liên hệ:",
                        "content": "Nguyễn Trọng Đức"
                    },
                    {
                        "name": "Điện thoại:",
                        "content": "0384015119"
                    },
                    {
                        "name": "Zalo",
                        "content": "0384015119"
                    }
                ]
            }
        },
        {
            "images": [
                "https://pt123.cdn.static123.com/images/thumbs/900x600/fit/2022/08/09/screenshot-20220729-163736_1660039483.png",
                "https://pt123.cdn.static123.com/images/thumbs/900x600/fit/2022/08/09/img-20220730-085144_1660039479.jpg",
                "https://pt123.cdn.static123.com/images/thumbs/900x600/fit/2022/08/09/img-1657879580490-1659145893782_1660039479.jpg",
                "https://pt123.cdn.static123.com/images/thumbs/900x600/fit/2022/08/09/screenshot-20220729-163742_1660039480.png",
                "https://pt123.cdn.static123.com/images/thumbs/900x600/fit/2022/08/09/screenshot-20220729-163739_1660039480.png",
                "https://pt123.cdn.static123.com/images/thumbs/900x600/fit/2022/08/09/screenshot-20220729-163736_1660039483.png",
                "https://pt123.cdn.static123.com/images/thumbs/900x600/fit/2022/08/09/img-20220730-085144_1660039479.jpg"
            ],
            "header": {
                "title": "Cho thuê nhà mặt tiền 24 Bùi Công Trừng, Đông Thạnh, Hóc Môn",
                "class": {
                    "content": "Chuyên mục: Cho thuê nhà Huyện Hóc Môn",
                    "classType": "Cho thuê nhà Huyện Hóc Môn"
                },
                "address": "Địa chỉ: Bùi Công Trừng, Xã Đông Thạnh, Huyện Hóc Môn, Hồ Chí Minh",
                "attributes": {
                    "price": "6 triệu/tháng",
                    "acreage": "100m2",
                    "published": "23 giờ trước",
                    "hashtag": "605639"
                }
            },
            "mainContent": {
                "header": "Thông tin mô tả",
                "content": [
                    "Chính chủ, cần cho thuê nhà mặt tiền",
                    "Địa chỉ: 24 Bùi Công Trừng, Đông Thạnh, Hóc Môn",
                    "Diện tích: 3.5 x 9, xây 1 trệt 2 lầu.",
                    "Trệt trống suốt có 1 WC",
                    "Lầu 1&2 : mỗi lầu 1 phòng ngủ và 1 phòng khách, 1 WC",
                    "Giá thuê: 6 triệu/ tháng, cọc 2 tháng.",
                    "Cho thuê ngắn hoặc dài hạn đều được",
                    "Vị trí: Gần chùa Pháp Bửu, gần nhà thờ, chợ, trường học, siêu thị mini... Trục chính kết nối Hóc Môn với Quận 12, Củ Chị và Gò Vấp.",
                    "Phù hợp kinh doanh: Salon tóc, spa, shop, tiệm thuốc, văn phòng nhà đất, ở gia đình, ....",
                    "Liên hệ: 0902.973.753 gặp a Thủ"
                ]
            },
            "overview": {
                "header": "Đặc điểm tin đăng",
                "content": [
                    {
                        "name": "Mã tin:",
                        "content": "#605639"
                    },
                    {
                        "name": "Khu vực",
                        "content": "Cho thuê nhà Hồ Chí Minh"
                    },
                    {
                        "name": "Loại tin rao:",
                        "content": "Nhà thuê nguyên căn"
                    },
                    {
                        "name": "Đối tượng thuê:",
                        "content": "Tất cả"
                    },
                    {
                        "name": "Gói tin:",
                        "content": "Tin thường"
                    },
                    {
                        "name": "Ngày đăng:",
                        "content": "Thứ 3, 17:05 09/08/2022"
                    },
                    {
                        "name": "Ngày hết hạn:",
                        "content": "Thứ 6, 17:05 19/08/2022"
                    }
                ]
            },
            "contact": {
                "header": "Thông tin liên hệ",
                "content": [
                    {
                        "name": "Liên hệ:",
                        "content": "Dương Ngọc Thủ"
                    },
                    {
                        "name": "Điện thoại:",
                        "content": "0902973753"
                    },
                    {
                        "name": "Zalo",
                        "content": "0902973753"
                    }
                ]
            }
        },
        {
            "images": [
                "https://pt123.cdn.static123.com/images/thumbs/900x600/fit/2022/08/09/screenshot-20220728-102235_1660038972.png",
                "https://pt123.cdn.static123.com/images/thumbs/900x600/fit/2022/08/09/screenshot-20220809-161840_1660038966.png",
                "https://pt123.cdn.static123.com/images/thumbs/900x600/fit/2022/08/09/screenshot-20220809-155623_1660038966.png",
                "https://pt123.cdn.static123.com/images/thumbs/900x600/fit/2022/08/09/screenshot-20220729-155613_1660038969.png",
                "https://pt123.cdn.static123.com/images/thumbs/900x600/fit/2022/08/09/screenshot-20220728-102240_1660038969.png",
                "https://pt123.cdn.static123.com/images/thumbs/900x600/fit/2022/08/09/screenshot-20220728-102235_1660038972.png",
                "https://pt123.cdn.static123.com/images/thumbs/900x600/fit/2022/08/09/screenshot-20220809-161840_1660038966.png"
            ],
            "header": {
                "title": "Cần cho thuê nhà nguyên căn, mặt tiền đường Nguyễn Trãi, Hiệp Phú, Quận 9",
                "class": {
                    "content": "Chuyên mục: Cho thuê nhà Quận 9",
                    "classType": "Cho thuê nhà Quận 9"
                },
                "address": "Địa chỉ: Phường Hiệp Phú, Quận 9, Hồ Chí Minh",
                "attributes": {
                    "price": "40 triệu/tháng",
                    "acreage": "450m2",
                    "published": "1 ngày trước",
                    "hashtag": "605638"
                }
            },
            "mainContent": {
                "header": "Thông tin mô tả",
                "content": [
                    "Chính chủ cho thuê nhà nguyên căn, giá tốt tại:",
                    "-Địa chỉ: Mặt tiền đường Nguyễn Trãi, P. Hiệp Phú, Q. 9, TP. HCM",
                    "-Diện tích: 247 m2 (13m x19m ). Tổng diện tích sàn: 450 m2. Xây 3 tầng, có sân vườn rộng mát, sân thượng phơi đồ hoặc hóng gió view đẹp.",
                    "-Nhà có:",
                    "+Tầng trệt nhà xe phòng khách và bếp",
                    "+Tầng 1: 2 phòng ngủ, phòng sinh hoạt",
                    "+Tầng 2: 2 phòng ngủ và sân thượng",
                    "+4 toilet",
                    "Tiện ích:",
                    "-Khu dân cư đông đúc, an ninh tốt, dân trí cao, gần trường tiểu học Đinh Tiên Hoàng, trường THCS Hoa Lư, ngay cạnh chợ Kiến Thiết, gần Coopmart Xa Lộ Hà Nội, Vincom Quận 9,… Giao thông thuận tiện",
                    "-Thích hợp để làm văn phòng, trung tâm ngoại ngữ, ngân hàng,..",
                    "-Rất thích hợp cho người nước ngoài thuê",
                    "Giá cho thuê: 40 triệu/ tháng ( TL)",
                    "Liên hệ: 0902973753 gặp a Thủ"
                ]
            },
            "overview": {
                "header": "Đặc điểm tin đăng",
                "content": [
                    {
                        "name": "Mã tin:",
                        "content": "#605638"
                    },
                    {
                        "name": "Khu vực",
                        "content": "Cho thuê nhà Hồ Chí Minh"
                    },
                    {
                        "name": "Loại tin rao:",
                        "content": "Nhà thuê nguyên căn"
                    },
                    {
                        "name": "Đối tượng thuê:",
                        "content": "Tất cả"
                    },
                    {
                        "name": "Gói tin:",
                        "content": "Tin miễn phí"
                    },
                    {
                        "name": "Ngày đăng:",
                        "content": "Thứ 3, 16:56 09/08/2022"
                    },
                    {
                        "name": "Ngày hết hạn:",
                        "content": "Chủ Nhật, 16:56 14/08/2022"
                    }
                ]
            },
            "contact": {
                "header": "Thông tin liên hệ",
                "content": [
                    {
                        "name": "Liên hệ:",
                        "content": "Dương Ngọc Thủ"
                    },
                    {
                        "name": "Điện thoại:",
                        "content": "0902973753"
                    },
                    {
                        "name": "Zalo",
                        "content": "0902973753"
                    }
                ]
            }
        },
        {
            "images": [
                "https://pt123.cdn.static123.com/images/thumbs/900x600/fit/2022/08/09/8_1660029257.jpg",
                "https://pt123.cdn.static123.com/images/thumbs/900x600/fit/2022/08/09/1_1660029255.jpg",
                "https://pt123.cdn.static123.com/images/thumbs/900x600/fit/2022/08/09/2_1660029255.jpg",
                "https://pt123.cdn.static123.com/images/thumbs/900x600/fit/2022/08/09/4_1660029256.jpg",
                "https://pt123.cdn.static123.com/images/thumbs/900x600/fit/2022/08/09/5_1660029256.jpg",
                "https://pt123.cdn.static123.com/images/thumbs/900x600/fit/2022/08/09/6_1660029257.jpg",
                "https://pt123.cdn.static123.com/images/thumbs/900x600/fit/2022/08/09/7_1660029257.jpg",
                "https://pt123.cdn.static123.com/images/thumbs/900x600/fit/2022/08/09/8_1660029257.jpg",
                "https://pt123.cdn.static123.com/images/thumbs/900x600/fit/2022/08/09/1_1660029255.jpg"
            ],
            "header": {
                "title": "CHO THUÊ NHÀ QUẬN 8 102M2 MỚI SẠCH SẼ AN NINH",
                "class": {
                    "content": "Chuyên mục: Cho thuê nhà Quận 8",
                    "classType": "Cho thuê nhà Quận 8"
                },
                "address": "Địa chỉ: Mễ Cốc, Phường 15, Quận 8, Hồ Chí Minh",
                "attributes": {
                    "price": "4 triệu/tháng",
                    "acreage": "102m2",
                    "published": "1 ngày trước",
                    "hashtag": "605625"
                }
            },
            "mainContent": {
                "header": "Thông tin mô tả",
                "content": [
                    "Nhà 1 trệt 1 lầu, 2 phòng ngủ, 2 nhà vệ sinh, 1 phòng khách 1 nhà bếp, sân trước để xe, 2 kho đựng đồ, có giếng trời, không gian mát, thoáng, nhà mới , sạch sẽ, khu an ninh, yên tĩnh, kế bên chợ Rạch cát 3"
                ]
            },
            "overview": {
                "header": "Đặc điểm tin đăng",
                "content": [
                    {
                        "name": "Mã tin:",
                        "content": "#605625"
                    },
                    {
                        "name": "Khu vực",
                        "content": "Cho thuê nhà Hồ Chí Minh"
                    },
                    {
                        "name": "Loại tin rao:",
                        "content": "Nhà thuê nguyên căn"
                    },
                    {
                        "name": "Đối tượng thuê:",
                        "content": "Tất cả"
                    },
                    {
                        "name": "Gói tin:",
                        "content": "Tin thường"
                    },
                    {
                        "name": "Ngày đăng:",
                        "content": "Thứ 3, 14:21 09/08/2022"
                    },
                    {
                        "name": "Ngày hết hạn:",
                        "content": "Thứ 4, 14:21 24/08/2022"
                    }
                ]
            },
            "contact": {
                "header": "Thông tin liên hệ",
                "content": [
                    {
                        "name": "Liên hệ:",
                        "content": "lê thị tính"
                    },
                    {
                        "name": "Điện thoại:",
                        "content": "0974810740"
                    },
                    {
                        "name": "Zalo",
                        "content": "0974810740"
                    }
                ]
            }
        },
        {
            "images": [
                "https://pt123.cdn.static123.com/images/thumbs/900x600/fit/2022/08/09/1660022023687_1660026658.jpg",
                "https://pt123.cdn.static123.com/images/thumbs/900x600/fit/2022/08/09/1660023226876_1660026658.jpg",
                "https://pt123.cdn.static123.com/images/thumbs/900x600/fit/2022/08/09/processed-2f7e96c8-258d-4d32-b550-9fd6e9c3be92-wimdpwrs_1660026658.jpg",
                "https://pt123.cdn.static123.com/images/thumbs/900x600/fit/2022/08/09/processed-c8415939-2581-4e73-a97e-c7b7d1068f18-q5qlsayi_1660026658.jpg",
                "https://pt123.cdn.static123.com/images/thumbs/900x600/fit/2022/08/09/1660022023687_1660026658.jpg"
            ],
            "header": {
                "title": "Chính chủ cho thuê nhà phố, 1rệt 1lầu, giá mềm, tch08",
                "class": {
                    "content": "Chuyên mục: Cho thuê nhà Quận 12",
                    "classType": "Cho thuê nhà Quận 12"
                },
                "address": "Địa chỉ: 98/20/10 Tân Chánh Hiệp 8, Phường Tân Chánh Hiệp, Quận 12, Hồ Chí Minh",
                "attributes": {
                    "price": "6 triệu/tháng",
                    "acreage": "100m2",
                    "published": "1 ngày trước",
                    "hashtag": "605621"
                }
            },
            "mainContent": {
                "header": "Thông tin mô tả",
                "content": [
                    "Chính chủ cho thuê nhà phố 100m2, Tân Chánh Hiệp 8, quận 12.",
                    "- Giá thuê 6 triệu.",
                    "- Điện thoại: 0906 416 110 (a.Duong), 0975 311 713 (c.Ly).",
                    "- Diện tích sử dụng: 100m2, 1 trệt 1 lầu, 2 phòng ngủ, 2 toilet, phòng khách, bếp tiện nghi",
                    "- Sạch sẽ, an ninh đảm bảo (có cổng ra vào khu phố)",
                    "- Nộ thất: ghế sofa, kệ tủ phòng khách, tủ tivi, tivi, tủ bép, máy khử mùi, máy nóng lạnh, bộ bàn ăn",
                    "- Hẻm cụt, 5m2",
                    "- Thích hợp vợ chồng trẻ, công chức."
                ]
            },
            "overview": {
                "header": "Đặc điểm tin đăng",
                "content": [
                    {
                        "name": "Mã tin:",
                        "content": "#605621"
                    },
                    {
                        "name": "Khu vực",
                        "content": "Cho thuê nhà Hồ Chí Minh"
                    },
                    {
                        "name": "Loại tin rao:",
                        "content": "Nhà thuê nguyên căn"
                    },
                    {
                        "name": "Đối tượng thuê:",
                        "content": "Tất cả"
                    },
                    {
                        "name": "Gói tin:",
                        "content": "Tin miễn phí"
                    },
                    {
                        "name": "Ngày đăng:",
                        "content": "Thứ 3, 13:32 09/08/2022"
                    },
                    {
                        "name": "Ngày hết hạn:",
                        "content": "Chủ Nhật, 13:32 14/08/2022"
                    }
                ]
            },
            "contact": {
                "header": "Thông tin liên hệ",
                "content": [
                    {
                        "name": "Liên hệ:",
                        "content": "Duong"
                    },
                    {
                        "name": "Điện thoại:",
                        "content": "0906416110"
                    },
                    {
                        "name": "Zalo",
                        "content": "0906416110"
                    }
                ]
            }
        },
        {
            "images": [],
            "header": {
                "title": "Cho thuê biệt thự rộng rãi thoáng mát",
                "class": {
                    "content": "Chuyên mục: Cho thuê nhà Quận 9",
                    "classType": "Cho thuê nhà Quận 9"
                },
                "address": "Địa chỉ: Võ Văn Hát, Phường Long Trường, Quận 9, Hồ Chí Minh",
                "attributes": {
                    "price": "12 triệu/tháng",
                    "acreage": "200m2",
                    "published": "1 ngày trước",
                    "hashtag": "605610"
                }
            },
            "mainContent": {
                "header": "Thông tin mô tả",
                "content": [
                    "Nhà biệt thự nguyên căn tầng lầu 2, gồm 3 phòng ngủ, phòng khách, phòng ăn, 3wc, có lối để xe máy, xe ô tô riêng dưới trệt, ko thu phí xe"
                ]
            },
            "overview": {
                "header": "Đặc điểm tin đăng",
                "content": [
                    {
                        "name": "Mã tin:",
                        "content": "#605610"
                    },
                    {
                        "name": "Khu vực",
                        "content": "Cho thuê nhà Hồ Chí Minh"
                    },
                    {
                        "name": "Loại tin rao:",
                        "content": "Nhà thuê nguyên căn"
                    },
                    {
                        "name": "Đối tượng thuê:",
                        "content": "Tất cả"
                    },
                    {
                        "name": "Gói tin:",
                        "content": "Tin miễn phí"
                    },
                    {
                        "name": "Ngày đăng:",
                        "content": "Thứ 3, 11:36 09/08/2022"
                    },
                    {
                        "name": "Ngày hết hạn:",
                        "content": "Chủ Nhật, 11:36 14/08/2022"
                    }
                ]
            },
            "contact": {
                "header": "Thông tin liên hệ",
                "content": [
                    {
                        "name": "Liên hệ:",
                        "content": "Nguyễn huy cao"
                    },
                    {
                        "name": "Điện thoại:",
                        "content": "0937114757"
                    },
                    {
                        "name": "Zalo",
                        "content": "0937114757"
                    }
                ]
            }
        },
        {
            "images": [
                "https://pt123.cdn.static123.com/images/thumbs/900x600/fit/2022/08/09/685ac17754cd9693cfdc_1660014160.jpg",
                "https://pt123.cdn.static123.com/images/thumbs/900x600/fit/2022/08/09/36974a1cf7a635f86cb7_1660014157.jpg",
                "https://pt123.cdn.static123.com/images/thumbs/900x600/fit/2022/08/09/7e3baf613adbf885a1ca_1660014157.jpg",
                "https://pt123.cdn.static123.com/images/thumbs/900x600/fit/2022/08/09/f67b3ace8774452a1c65_1660014157.jpg",
                "https://pt123.cdn.static123.com/images/thumbs/900x600/fit/2022/08/09/ba6506d0bb6a7934207b_1660014157.jpg",
                "https://pt123.cdn.static123.com/images/thumbs/900x600/fit/2022/08/09/daddda6867d2a58cfcc3_1660014158.jpg",
                "https://pt123.cdn.static123.com/images/thumbs/900x600/fit/2022/08/09/845f17d5aa6f6831317e_1660014159.jpg",
                "https://pt123.cdn.static123.com/images/thumbs/900x600/fit/2022/08/09/7d471acda77765293c66_1660014159.jpg",
                "https://pt123.cdn.static123.com/images/thumbs/900x600/fit/2022/08/09/7d750d2d98975ac90386_1660014159.jpg",
                "https://pt123.cdn.static123.com/images/thumbs/900x600/fit/2022/08/09/79edba6607dcc5829ccd_1660014160.jpg",
                "https://pt123.cdn.static123.com/images/thumbs/900x600/fit/2022/08/09/685ac17754cd9693cfdc_1660014160.jpg",
                "https://pt123.cdn.static123.com/images/thumbs/900x600/fit/2022/08/09/36974a1cf7a635f86cb7_1660014157.jpg"
            ],
            "header": {
                "title": "Cho thuê nhà nguyên căn tại Ngõ Gốc Đề",
                "class": {
                    "content": "Chuyên mục: Cho thuê nhà Quận Hoàng Mai",
                    "classType": "Cho thuê nhà Quận Hoàng Mai"
                },
                "address": "Địa chỉ: Phường Hoàng Văn Thụ, Quận Hoàng Mai, Hà Nội",
                "attributes": {
                    "price": "8 triệu/tháng",
                    "acreage": "30m2",
                    "published": "1 ngày trước",
                    "hashtag": "605603"
                }
            },
            "mainContent": {
                "header": "Thông tin mô tả",
                "content": [
                    "Địa chỉ: Ngách 15/47 ngõ Gốc Đề",
                    "Diện tích đất 30m2.",
                    "4 tầng, 1 tum rộng rãi để phơi phóng",
                    "Mặt tiền 4,3m",
                    "Chủ nhà có mong muốn cho hộ gia đình thuê để giữ nhà.",
                    "Liên hệ: 0979698768 (vui lòng nhắn tin Zalo trước khi gọi điện)"
                ]
            },
            "overview": {
                "header": "Đặc điểm tin đăng",
                "content": [
                    {
                        "name": "Mã tin:",
                        "content": "#605603"
                    },
                    {
                        "name": "Khu vực",
                        "content": "Cho thuê nhà Hà Nội"
                    },
                    {
                        "name": "Loại tin rao:",
                        "content": "Nhà thuê nguyên căn"
                    },
                    {
                        "name": "Đối tượng thuê:",
                        "content": "Tất cả"
                    },
                    {
                        "name": "Gói tin:",
                        "content": "Tin thường"
                    },
                    {
                        "name": "Ngày đăng:",
                        "content": "Thứ 3, 10:04 09/08/2022"
                    },
                    {
                        "name": "Ngày hết hạn:",
                        "content": "Thứ 6, 10:04 19/08/2022"
                    }
                ]
            },
            "contact": {
                "header": "Thông tin liên hệ",
                "content": [
                    {
                        "name": "Liên hệ:",
                        "content": "Hoàng Dung"
                    },
                    {
                        "name": "Điện thoại:",
                        "content": "0979698768"
                    },
                    {
                        "name": "Zalo",
                        "content": "0979698768"
                    }
                ]
            }
        },
        {
            "images": [
                "https://pt123.cdn.static123.com/images/thumbs/900x600/fit/2022/04/13/4362cff3-0c1c-4d47-ba14-99d18b56fc23_1649860892.jpg",
                "https://pt123.cdn.static123.com/images/thumbs/900x600/fit/2022/04/13/fb686a4c-75bd-4513-96a6-51f53c78659d_1649860891.jpg",
                "https://pt123.cdn.static123.com/images/thumbs/900x600/fit/2022/04/13/f1e12394-2f47-4059-8cd2-5a958b056c8a_1649860891.jpg",
                "https://pt123.cdn.static123.com/images/thumbs/900x600/fit/2022/04/13/a3494112-b3be-488a-baa8-e269c3e5265a_1649860891.jpg",
                "https://pt123.cdn.static123.com/images/thumbs/900x600/fit/2022/04/13/9a093991-c982-4eb6-b883-5df36818c24b_1649860891.jpg",
                "https://pt123.cdn.static123.com/images/thumbs/900x600/fit/2022/04/13/4362cff3-0c1c-4d47-ba14-99d18b56fc23_1649860892.jpg",
                "https://pt123.cdn.static123.com/images/thumbs/900x600/fit/2022/04/13/fb686a4c-75bd-4513-96a6-51f53c78659d_1649860891.jpg"
            ],
            "header": {
                "title": "1 Trệt 1 lầu có máy lạnh (dãy nhà liền kề mini) sau lưng KS HOÀ PHÁT Phạm Văn Đồng",
                "class": {
                    "content": "Chuyên mục: Cho thuê nhà Quận Thủ Đức",
                    "classType": "Cho thuê nhà Quận Thủ Đức"
                },
                "address": "Địa chỉ: 1098/27A Đường Phạm Văn Đồng, Phường Linh Đông, Quận Thủ Đức, Hồ Chí Minh",
                "attributes": {
                    "price": "4.2 triệu/tháng",
                    "acreage": "55m2",
                    "published": "1 ngày trước",
                    "hashtag": "599068"
                }
            },
            "mainContent": {
                "header": "Thông tin mô tả",
                "content": [
                    "1 Trệt 1 lầu ban công (dãy nhà liền kề mini) sau lưng KS HOÀ PHÁT Phạm Văn Đồng Thủ Đức",
                    "Ở 4 người thoải mái luôn",
                    "Giá: 4,2 triệu/tháng (có máy lạnh)",
                    "⭐ Bếp, WC riêng tiện lợi",
                    "⭐ Có cửa sổ thoáng",
                    "⭐ Có camera an ninh",
                    "⭐ Có bảo trì nhanh chóng",
                    "⭐ Giờ giấc tự do",
                    "⭐️ Yên tĩnh, mát mẻ",
                    "Ko ngăn phòng riêng",
                    "Có nhà xe riêng",
                    "Xe ô tô tận cửa nhà thuận tiện đi lại, gần bờ sông 5p: siêu thị chợ, phòng tập Gym,…",
                    "Khoá Vân tay kết hợp khoá từ 2 lớp cùng hệ thống chuông báo động giữ an ninh an toàn cho cư dân.",
                    "⭐ ĐC: 1098/27A Phạm Văn Đồng, P. Linh Đông,Thủ Đức (sau lưng KS HOÀ PHÁT Phạm Văn Đồng)",
                    "Hẻm 526 Phạm Văn Đồng",
                    "Vui lòng gọi: 0936783819",
                    "Giá dịch vụ:",
                    "1/ Điện: 3.500/kw",
                    "2/ Nước: 15.000/m3",
                    "3/ Rác: 50.000/phòng",
                    "4/ Xe: 50.000/xe",
                    "- HĐ: 12 tháng",
                    "- Cọc: 1 tháng",
                    "- Tiền nhà 1 tháng",
                    "- Thu tiền: 1 Tây (trễ hạn ko quá 5 ngày",
                    " "
                ]
            },
            "overview": {
                "header": "Đặc điểm tin đăng",
                "content": [
                    {
                        "name": "Mã tin:",
                        "content": "#599068"
                    },
                    {
                        "name": "Khu vực",
                        "content": "Cho thuê nhà Hồ Chí Minh"
                    },
                    {
                        "name": "Loại tin rao:",
                        "content": "Nhà thuê nguyên căn"
                    },
                    {
                        "name": "Đối tượng thuê:",
                        "content": "Tất cả"
                    },
                    {
                        "name": "Gói tin:",
                        "content": "Tin thường"
                    },
                    {
                        "name": "Ngày đăng:",
                        "content": "Thứ 3, 08:28 09/08/2022"
                    },
                    {
                        "name": "Ngày hết hạn:",
                        "content": "Thứ 3, 15:15 16/08/2022"
                    }
                ]
            },
            "contact": {
                "header": "Thông tin liên hệ",
                "content": [
                    {
                        "name": "Liên hệ:",
                        "content": "Van Helen"
                    },
                    {
                        "name": "Điện thoại:",
                        "content": "0902395366"
                    },
                    {
                        "name": "Zalo",
                        "content": "0902395366"
                    }
                ]
            }
        },
        {
            "images": [
                "https://pt123.cdn.static123.com/images/thumbs/900x600/fit/2022/08/08/298386668-3214785952094115-27616786622994893-n_1659966373.jpg",
                "https://pt123.cdn.static123.com/images/thumbs/900x600/fit/2022/08/08/296619073-3214786372094073-7261886583614904819-n_1659966371.jpg",
                "https://pt123.cdn.static123.com/images/thumbs/900x600/fit/2022/08/08/296773141-3214786788760698-6038263067267610107-n_1659966371.jpg",
                "https://pt123.cdn.static123.com/images/thumbs/900x600/fit/2022/08/08/296789657-3214786822094028-4341326885056365002-n_1659966371.jpg",
                "https://pt123.cdn.static123.com/images/thumbs/900x600/fit/2022/08/08/297287173-3214786785427365-4214035674552729880-n-1_1659966372.jpg",
                "https://pt123.cdn.static123.com/images/thumbs/900x600/fit/2022/08/08/297486980-3214786748760702-7244501949390307346-n_1659966372.jpg",
                "https://pt123.cdn.static123.com/images/thumbs/900x600/fit/2022/08/08/297824521-3214786815427362-643643908481901285-n_1659966372.jpg",
                "https://pt123.cdn.static123.com/images/thumbs/900x600/fit/2022/08/08/298340723-3214786762094034-253487891555598173-n_1659966372.jpg",
                "https://pt123.cdn.static123.com/images/thumbs/900x600/fit/2022/08/08/298386668-3214785952094115-27616786622994893-n_1659966373.jpg",
                "https://pt123.cdn.static123.com/images/thumbs/900x600/fit/2022/08/08/296619073-3214786372094073-7261886583614904819-n_1659966371.jpg"
            ],
            "header": {
                "title": "Cho thuê nhà mặt tiền Kd p. Phú Thọ Hòa,Tân Phú dtsd 60 m2 chỉ 7triệu",
                "class": {
                    "content": "Chuyên mục: Cho thuê nhà Quận Tân Phú",
                    "classType": "Cho thuê nhà Quận Tân Phú"
                },
                "address": "Địa chỉ: Phường Phú Thọ Hòa, Quận Tân Phú, Hồ Chí Minh",
                "attributes": {
                    "price": "7 triệu/tháng",
                    "acreage": "30m2",
                    "published": "1 ngày trước",
                    "hashtag": "605585"
                }
            },
            "mainContent": {
                "header": "Thông tin mô tả",
                "content": [
                    "Cho thuê nhà mặt tiền Kd p. Phú Thọ Hòa,Tân Phú dtsd 60 m2 chỉ 7triệu",
                    "Nhanh còn kịp!",
                    "Cho thuê nhà mặt tiền kinh doanh phường Phú Thọ Hòa, Tân Phú",
                    "Dt 4x7m, trệt,lâu. Giá 7 triệu.",
                    "Nếu thuê thêm phần lâu 1 bên cạnh nối liền diện tích 5x15m,có ban công 4m,2 phòng ngủ lớn, bếp tolet..view đẹp nhìn xuống mặt tiền đường xung quanh kính vì lúc trước bán cafe thì tất cả chỉ 12 triệu.",
                    "- Nội thất gồm có máy lạnh, giường, tủ, tủ lạnh....full nội thất...",
                    "Chủ nhà rất dễ thương.. tốt bụng...",
                    "Vì trí gần trường học lễ Anh Xuân,Trần Phú,cho f18.UBP Phú Thọ Hòa.",
                    "Tiện kinh doanh đa ngành nghề.",
                    "Alo 0397077772 em chủ nhà"
                ]
            },
            "overview": {
                "header": "Đặc điểm tin đăng",
                "content": [
                    {
                        "name": "Mã tin:",
                        "content": "#605585"
                    },
                    {
                        "name": "Khu vực",
                        "content": "Cho thuê nhà Hồ Chí Minh"
                    },
                    {
                        "name": "Loại tin rao:",
                        "content": "Nhà thuê nguyên căn"
                    },
                    {
                        "name": "Đối tượng thuê:",
                        "content": "Tất cả"
                    },
                    {
                        "name": "Gói tin:",
                        "content": "Tin thường"
                    },
                    {
                        "name": "Ngày đăng:",
                        "content": "Thứ 2, 20:46 08/08/2022"
                    },
                    {
                        "name": "Ngày hết hạn:",
                        "content": "Thứ 5, 20:46 18/08/2022"
                    }
                ]
            },
            "contact": {
                "header": "Thông tin liên hệ",
                "content": [
                    {
                        "name": "Liên hệ:",
                        "content": "nguyen thi phuc"
                    },
                    {
                        "name": "Điện thoại:",
                        "content": "0397077772"
                    },
                    {
                        "name": "Zalo",
                        "content": "0397077772"
                    }
                ]
            }
        },
        {
            "images": [
                "https://pt123.cdn.static123.com/images/thumbs/900x600/fit/2022/08/08/photo-2022-08-08-185454-result_1659959756.jpg",
                "https://pt123.cdn.static123.com/images/thumbs/900x600/fit/2022/08/08/20210106153410-8805-wm-1-result_1659959755.jpg",
                "https://pt123.cdn.static123.com/images/thumbs/900x600/fit/2022/08/08/20210106153411-4b75-wm-result_1659959755.jpg",
                "https://pt123.cdn.static123.com/images/thumbs/900x600/fit/2022/08/08/20210106153424-6c25-wm-result_1659959755.jpg",
                "https://pt123.cdn.static123.com/images/thumbs/900x600/fit/2022/08/08/20210106153424-0984-wm-result_1659959755.jpg",
                "https://pt123.cdn.static123.com/images/thumbs/900x600/fit/2022/08/08/20210106153424-eea5-wm-result_1659959756.jpg",
                "https://pt123.cdn.static123.com/images/thumbs/900x600/fit/2022/08/08/20210106153425-84fb-wm-result_1659959756.jpg",
                "https://pt123.cdn.static123.com/images/thumbs/900x600/fit/2022/08/08/20210106153518-e5d4-wm-result_1659959756.jpg",
                "https://pt123.cdn.static123.com/images/thumbs/900x600/fit/2022/08/08/photo-2022-08-08-185454-result_1659959756.jpg",
                "https://pt123.cdn.static123.com/images/thumbs/900x600/fit/2022/08/08/20210106153410-8805-wm-1-result_1659959755.jpg"
            ],
            "header": {
                "title": "NHÀ THẢO ĐIỀN CÓ SÂN, 3 LẦU - GIÁ CHỈ 20 TRIỆU",
                "class": {
                    "content": "Chuyên mục: Cho thuê nhà Quận 2",
                    "classType": "Cho thuê nhà Quận 2"
                },
                "address": "Địa chỉ: Đường số 2, Phường Thảo Điền, Quận 2, Hồ Chí Minh",
                "attributes": {
                    "price": "20 triệu/tháng",
                    "acreage": "150m2",
                    "published": "1 ngày trước",
                    "hashtag": "605577"
                }
            },
            "mainContent": {
                "header": "Thông tin mô tả",
                "content": [
                    "+ Thông tin mô tả:",
                    "Diện tích: 5x11m",
                    "Kết cấu: 1 trệt 3 lầu, 3 phòng ngủ, 4WC",
                    "Giá thuê: 20 triệu/tháng",
                    "Khu an ninh tốt",
                    "Đường lớn, không ngập nước",
                    "Phù hợp làm văn phòng, hoặc ở",
                    "Cho thuê lâu dài",
                    "0901396167",
                    "----------------------",
                    "Mọi thông tin chi tiết vui lòng liên hệ: Ms Thuỷ để làm việc chính chủ.",
                    "Công ty BĐS Anreal với giỏ hàng phong phú và giá tốt - tư vấn hỗ trợ nhiệt tình."
                ]
            },
            "overview": {
                "header": "Đặc điểm tin đăng",
                "content": [
                    {
                        "name": "Mã tin:",
                        "content": "#605577"
                    },
                    {
                        "name": "Khu vực",
                        "content": "Cho thuê nhà Hồ Chí Minh"
                    },
                    {
                        "name": "Loại tin rao:",
                        "content": "Nhà thuê nguyên căn"
                    },
                    {
                        "name": "Đối tượng thuê:",
                        "content": "Tất cả"
                    },
                    {
                        "name": "Gói tin:",
                        "content": "Tin thường"
                    },
                    {
                        "name": "Ngày đăng:",
                        "content": "Thứ 2, 18:56 08/08/2022"
                    },
                    {
                        "name": "Ngày hết hạn:",
                        "content": "Thứ 2, 18:56 22/08/2022"
                    }
                ]
            },
            "contact": {
                "header": "Thông tin liên hệ",
                "content": [
                    {
                        "name": "Liên hệ:",
                        "content": "nhathuequan2"
                    },
                    {
                        "name": "Điện thoại:",
                        "content": "0901396167"
                    },
                    {
                        "name": "Zalo",
                        "content": "0901396167"
                    }
                ]
            }
        },
        {
            "images": [
                "https://pt123.cdn.static123.com/images/thumbs/900x600/fit/2022/08/08/z3627069171908-a53f21af52445834e52df1d86a08cee4-1-result_1659959497.jpg",
                "https://pt123.cdn.static123.com/images/thumbs/900x600/fit/2022/08/08/z3627069137662-99e60fc288637c45ab6e7973c079dab4-1-result_1659959496.jpg",
                "https://pt123.cdn.static123.com/images/thumbs/900x600/fit/2022/08/08/z3627069140164-993006cbf7905523fcbe49da025b0de6-1-result_1659959496.jpg",
                "https://pt123.cdn.static123.com/images/thumbs/900x600/fit/2022/08/08/z3627069148083-03c4e16c10952f4f9996d1c2bc313a5f-1-result_1659959497.jpg",
                "https://pt123.cdn.static123.com/images/thumbs/900x600/fit/2022/08/08/z3627069150363-52dc4152884f4ad95d7291df363a0ebb-1-result_1659959497.jpg",
                "https://pt123.cdn.static123.com/images/thumbs/900x600/fit/2022/08/08/z3627069170878-8c3b2dd4722659b8a9f49121d18cfe39-1-result_1659959497.jpg",
                "https://pt123.cdn.static123.com/images/thumbs/900x600/fit/2022/08/08/z3627069171908-a53f21af52445834e52df1d86a08cee4-1-result_1659959497.jpg",
                "https://pt123.cdn.static123.com/images/thumbs/900x600/fit/2022/08/08/z3627069137662-99e60fc288637c45ab6e7973c079dab4-1-result_1659959496.jpg"
            ],
            "header": {
                "title": "Nhà 5x20 , 1 lâu , Mới xây - 2 phòng - 16 triệu",
                "class": {
                    "content": "Chuyên mục: Cho thuê nhà Quận 2",
                    "classType": "Cho thuê nhà Quận 2"
                },
                "address": "Địa chỉ: Đường số 25, Phường Bình An, Quận 2, Hồ Chí Minh",
                "attributes": {
                    "price": "16 triệu/tháng",
                    "acreage": "100m2",
                    "published": "1 ngày trước",
                    "hashtag": "605576"
                }
            },
            "mainContent": {
                "header": "Thông tin mô tả",
                "content": [
                    "NHÀ MỚI - ĐƯỜNG XE HƠI - 1 GÁC GIÁ 16 TRIỆU",
                    "CÁCH ĐƯỜNG TRẦN NÃO 100M",
                    "THÍCH HỢP LÀM VĂN PHÒNG + Ở",
                    "GIÁ 16 TRIỆU",
                    "VỊ TRÍ GẦN ĐƯỜNG TRẦN NÃO",
                    "0909386167"
                ]
            },
            "overview": {
                "header": "Đặc điểm tin đăng",
                "content": [
                    {
                        "name": "Mã tin:",
                        "content": "#605576"
                    },
                    {
                        "name": "Khu vực",
                        "content": "Cho thuê nhà Hồ Chí Minh"
                    },
                    {
                        "name": "Loại tin rao:",
                        "content": "Nhà thuê nguyên căn"
                    },
                    {
                        "name": "Đối tượng thuê:",
                        "content": "Tất cả"
                    },
                    {
                        "name": "Gói tin:",
                        "content": "Tin thường"
                    },
                    {
                        "name": "Ngày đăng:",
                        "content": "Thứ 2, 18:52 08/08/2022"
                    },
                    {
                        "name": "Ngày hết hạn:",
                        "content": "Thứ 2, 18:52 22/08/2022"
                    }
                ]
            },
            "contact": {
                "header": "Thông tin liên hệ",
                "content": [
                    {
                        "name": "Liên hệ:",
                        "content": "nhathuequan2"
                    },
                    {
                        "name": "Điện thoại:",
                        "content": "0901396167"
                    },
                    {
                        "name": "Zalo",
                        "content": "0901396167"
                    }
                ]
            }
        },
        {
            "images": [
                "https://pt123.cdn.static123.com/images/thumbs/900x600/fit/2022/08/08/d4a9d93ad931fe4cab96c093a8a0d239-2780296691724921831-result_1659959316.jpg",
                "https://pt123.cdn.static123.com/images/thumbs/900x600/fit/2022/08/08/1aab410175141bd845e847b24ca5cfc1-2780296691971724464-result_1659959315.jpg",
                "https://pt123.cdn.static123.com/images/thumbs/900x600/fit/2022/08/08/6e997d26392b5477bbfd37fb8da32afb-2780296691731800753-result_1659959315.jpg",
                "https://pt123.cdn.static123.com/images/thumbs/900x600/fit/2022/08/08/4479d5d483c65409987fa4b0821afb22-2780296691884527102-result_1659959315.jpg",
                "https://pt123.cdn.static123.com/images/thumbs/900x600/fit/2022/08/08/c224f811c04e78a15cef0c0933453aef-2780296691871182546-result_1659959316.jpg",
                "https://pt123.cdn.static123.com/images/thumbs/900x600/fit/2022/08/08/d4a9d93ad931fe4cab96c093a8a0d239-2780296691724921831-result_1659959316.jpg",
                "https://pt123.cdn.static123.com/images/thumbs/900x600/fit/2022/08/08/1aab410175141bd845e847b24ca5cfc1-2780296691971724464-result_1659959315.jpg"
            ],
            "header": {
                "title": "Villa Phố Khu An Phú (7x20m)_5 Phòng Giá 28 Triệu",
                "class": {
                    "content": "Chuyên mục: Cho thuê nhà Quận 2",
                    "classType": "Cho thuê nhà Quận 2"
                },
                "address": "Địa chỉ: 18 1, Phường An Phú, Quận 2, Hồ Chí Minh",
                "attributes": {
                    "price": "28 triệu/tháng",
                    "acreage": "300m2",
                    "published": "1 ngày trước",
                    "hashtag": "605575"
                }
            },
            "mainContent": {
                "header": "Thông tin mô tả",
                "content": [
                    "Cho thuê biệt thự phố khu An Phú",
                    "Khuôn viên 7x20m - gồm 2 lầu, 5 phòng ngủ, 5wc",
                    "Nhà có sẵn 1 số nội thất cơ bản, gara để xe hơi, sân trước",
                    "Khu an ninh, yên tĩnh",
                    "Thích hợp thuê ở gia đình hoặc làm văn phòng công ty",
                    "Giá thuê chỉ 28 triệu/tháng",
                    "0901396167 - 0909386167",
                    "----------------------",
                    "Công ty BĐS Anreal với giỏ hàng phong phú và giá tốt - tư vấn hỗ trợ nhiệt tình."
                ]
            },
            "overview": {
                "header": "Đặc điểm tin đăng",
                "content": [
                    {
                        "name": "Mã tin:",
                        "content": "#605575"
                    },
                    {
                        "name": "Khu vực",
                        "content": "Cho thuê nhà Hồ Chí Minh"
                    },
                    {
                        "name": "Loại tin rao:",
                        "content": "Nhà thuê nguyên căn"
                    },
                    {
                        "name": "Đối tượng thuê:",
                        "content": "Tất cả"
                    },
                    {
                        "name": "Gói tin:",
                        "content": "Tin thường"
                    },
                    {
                        "name": "Ngày đăng:",
                        "content": "Thứ 2, 18:49 08/08/2022"
                    },
                    {
                        "name": "Ngày hết hạn:",
                        "content": "Thứ 2, 18:49 22/08/2022"
                    }
                ]
            },
            "contact": {
                "header": "Thông tin liên hệ",
                "content": [
                    {
                        "name": "Liên hệ:",
                        "content": "nhathuequan2"
                    },
                    {
                        "name": "Điện thoại:",
                        "content": "0901396167"
                    },
                    {
                        "name": "Zalo",
                        "content": "0901396167"
                    }
                ]
            }
        }
    ]
}